{"c":{"45":{"paths":[{"my":2.002424956054682,"mx":0,"dy":145.17328,"d":"m 0,0 c 0.358011,-0.11015,1.073866,-0.33042,1.526957,-0.44303,0.453092,-0.11261,0.643314,-0.11761,0.685718,-0.055,0.0424,0.0626,-0.06272,0.19276,-0.438057,0.32037,-0.37534,0.12762,-1.021096,0.25277,-1.42153,0.30038,-0.400433,0.0476,-0.555608,0.0176,-0.633353,0.003,-0.07775,-0.0151,-0.07775,-0.0151,0.280265,-0.12524 z"}],"w":2.5433197021484375},"80":{"paths":[{"my":3.5818149560547,"mx":0,"dy":143.59389,"d":"m 0,0 c 0.63371,-0.34341,1.267329,-0.68676,1.853277,-0.75747,0.585949,-0.0707,1.12398,0.13105,1.426495,0.44796,0.302514,0.3169,0.369768,0.74874,0.222856,1.10964,-0.146911,0.36089,-0.507963,0.65115,-1.031735,0.79982,-0.523773,0.14867,-1.210477,0.15574,-1.598049,0.12753,-0.387573,-0.0282,-0.476092,-0.0919,-0.564885,-0.15587"},{"my":3.220754956054691,"mx":1.253074999999999,"dy":143.95495,"d":"m 0,0 c -0.187655,0.3222,-0.375264,0.64432,-0.506227,1.055,-0.130964,0.41069,-0.205298,0.90979,-0.245992,1.32396,-0.04069,0.41417,-0.04777,0.74336,-0.05485,1.0723"}],"w":3.577381134033203},"97":{"paths":[{"my":-0.21775504394531708,"mx":0,"dy":147.39346,"d":"m 0,0 c 0.613186,-1.00362,1.226419,-2.00732,1.644418,-2.80324,0.417998,-0.79593,0.640759,-1.38412,0.76466,-1.73451,0.123902,-0.35039,0.148932,-0.46302,0.295476,-0.30402,0.146545,0.159,0.414361,0.58951,0.66839,1.08636,0.254028,0.49685,0.494311,1.06001,0.629412,1.63068,0.1351,0.57066,0.165136,1.14884,0.195158,1.72675"},{"my":1.7571049560546896,"mx":0.8184779999999989,"dy":145.4186,"d":"m 0,0 c 1.124092,-0.0576,2.247933,-0.11515,2.851037,-0.17772,0.603104,-0.0626,0.685712,-0.13017,0.768283,-0.19773"}],"w":4.437797546386719},"98":{"paths":[{"my":4.845504956054697,"mx":0,"dy":142.3302,"d":"m 0,0 c 0.796757,0.21247,1.593202,0.42485,2.062173,0.63204,0.468971,0.20719,0.610557,0.40895,0.483057,0.62293,-0.1275,0.21398,-0.523943,0.44052,-1.093775,0.58567,-0.569831,0.14514,-1.313165,0.20886,-1.695593,0.33819,-0.382428,0.12933,-0.403668,0.32401,-0.04598,0.48852,0.357686,0.16451,1.093942,0.29902,1.626688,0.44243,0.532746,0.14341,0.861935,0.29562,0.725531,0.54508,-0.136403,0.24946,-0.738151,0.59634,-1.389425,0.8636,-0.651274,0.26725,-1.352131,0.45485,-2.053186,0.64251"}],"w":3.970304489135742},"99":{"paths":[{"my":4.550434956054687,"mx":0,"dy":142.62527,"d":"m 0,0 c -0.755696,0.15014,-1.5116,0.30032,-2.11244,0.68082,-0.60084,0.3805,-1.046365,0.99122,-1.331712,1.5745,-0.285346,0.58327,-0.410493,1.13892,-0.317699,1.49934,0.09279,0.36042,0.403155,0.52562,0.633428,0.62318,0.230272,0.0976,0.380443,0.1276,0.530321,0.15757"}],"w":3.7920608520507812},"105":{"paths":[{"my":3.8435049560546872,"mx":0,"dy":143.3322,"d":"m 0,0 c -0.143422,0.29019,-0.369967,1.12558,-0.449572,1.88668,-0.07961,0.76111,-0.01235,1.44781,0.03893,1.75215,0.05128,0.30434,0.08669,0.22646,0.159261,-0.15049,0.07258,-0.37694,0.182305,-1.05302,0.274342,-1.6477,0.09204,-0.59468,0.16637,-1.10793,0.173501,-1.49196,0.0071,-0.38402,-0.05304,-0.63888,-0.196463,-0.34868 z"},{"my":5.420534956054695,"mx":0.5504650000000026,"dy":141.75517,"d":"m 0,0 c -0.0284,0.17154,-0.152291,0.34145,-0.293765,0.30441,-0.141473,-0.037,-0.300759,-0.28128,-0.27249,-0.45313,0.02827,-0.17186,0.244209,-0.27098,0.385804,-0.23362,0.141595,0.0374,0.208847,0.21079,0.180451,0.38234 z"}],"w":1.0431137084960938},"108":{"paths":[{"my":4.803024956054685,"mx":0,"dy":142.37268,"d":"m 0,0 c -0.01392,0.007,-0.02821,0.0141,-0.161032,0.56287,-0.132822,0.5488,-0.384139,1.63902,-0.587681,2.41952,-0.203541,0.78051,-0.359289,1.25128,-0.514985,1.72191"},{"my":0.09868495605468297,"mx":-1.7521819999999977,"dy":147.07702,"d":"m 0,0 c 0.65511,-0.0283,1.309964,-0.0567,1.851514,-0.13104,0.541549,-0.0744,0.969852,-0.19471,1.397987,-0.31501"}],"w":3.249500274658203},"111":{"paths":[{"my":3.859694956054682,"mx":0,"dy":143.31601,"d":"m 0,0 c 0.146916,-0.1186,0.440714,-0.35576,0.722267,-0.38928,0.281553,-0.0335,0.550568,0.13639,0.736282,0.49043,0.185713,0.35404,0.288364,0.89207,0.07416,1.53088,-0.214207,0.6388,-0.745158,1.3786,-1.267122,1.73432,-0.521964,0.35572,-1.035219,0.32739,-1.302606,-0.0619,-0.267386,-0.38926,-0.288623,-1.13967,-0.166517,-1.69199,0.122106,-0.55232,0.387583,-0.90629,0.587635,-1.12226,0.200053,-0.21597,0.334566,-0.29385,0.401779,-0.33277,0.06721,-0.0389,0.06721,-0.0389,0.214126,-0.15746 z"}],"w":2.9276466369628906},"115":{"paths":[{"my":4.490364956054691,"mx":0,"dy":142.68534,"d":"m 0,0 c -0.104862,0,-0.209987,0,-0.653043,0.0475,-0.443055,0.0476,-1.22397,0.14266,-1.614551,0.38309,-0.39058,0.24044,-0.39058,0.6259,-0.155138,0.94874,0.235443,0.32284,0.705998,0.58315,1.046392,0.80094,0.340394,0.21779,0.550637,0.393,0.507923,0.68826,-0.04271,0.29527,-0.338062,0.71076,-0.858573,1.00106,-0.520511,0.2903,-1.26639,0.45549,-2.012475,0.62073"}],"w":3.7394638061523438}},"p":{"s":12.294834999743673,"slc":"round","slj":"round","bsw":0.5,"lh":5.79339599609375,"space":3.253398683336046,"tf":6.6695519317626974}}